Workbook
Name Slicer_Department_Name: #N/A
Name Slicer_Emp_ID: #N/A
Name Slicer_Employment_satus: #N/A

Sheet Raw_Employee_Data
A1: Emp ID | B1: First_Name | C1: Last_Name | D1: Dept code | E1: Hire Date | F1: Salary | G1: Perf_Score | H1: Employment satus | I1: Full Name | J1: Department Name | K1: Years of Service | L1: Performance Band | M1: Eligible Bonus Amount
A2: EMP127 | B2: Emily | C2: Brown | D2: IT02 | E2: 43093 | F2: 50361 | G2: 52 | H2: Active | I2: =TRIM(B2&" "&C2) -> Emily Brown | J2: =VLOOKUP(D2,Lookup_Departments!$A$2:$B$7,2,FALSE) -> Information Technology | K2: =IF(H2="Active",DATEDIF(E2,TODAY(),"y"),"N/A") -> 8 | L2: =IF(G2="","No Score",VLOOKUP(G2,Lookup_Performance!$A$2:$D$6,3,TRUE)) -> Developing | M2: =IF(G2="",0,F2*VLOOKUP(G2,Lookup_Performance!$A$2:$D$6,4,TRUE)) -> 1007.22
A3: EMP046 | B3: Richard | C3: Hernandez | D3: MKT04 | E3: 43094 | F3: 112673 | H3: Active | I3: =TRIM(B3&" "&C3) -> Richard Hernandez | J3: =VLOOKUP(D3,Lookup_Departments!$A$2:$B$7,2,FALSE) -> Marketing | K3: =IF(H3="Active",DATEDIF(E3,TODAY(),"y"),"N/A") -> 8 | L3: =IF(G3="","No Score",VLOOKUP(G3,Lookup_Performance!$A$2:$D$6,3,TRUE)) -> No Score | M3: =IF(G3="",0,F3*VLOOKUP(G3,Lookup_Performance!$A$2:$D$6,4,TRUE)) -> 0
A4: EMP134 | B4: Emily | C4: Gonzalez | D4: IT02 | E4: 43095 | F4: 114425 | G4: 54 | H4: Left | I4: =TRIM(B4&" "&C4) -> Emily Gonzalez | J4: =VLOOKUP(D4,Lookup_Departments!$A$2:$B$7,2,FALSE) -> Information Technology | K4: =IF(H4="Active",DATEDIF(E4,TODAY(),"y"),"N/A") -> N/A | L4: =IF(G4="","No Score",VLOOKUP(G4,Lookup_Performance!$A$2:$D$6,3,TRUE)) -> Developing | M4: =IF(G4="",0,F4*VLOOKUP(G4,Lookup_Performance!$A$2:$D$6,4,TRUE)) -> 2288.5
A5: EMP139 | B5: John | C5: Martinez | D5: FIN03 | E5: 43096 | F5: 103831 | G5: 70 | H5: Active | I5: =TRIM(B5&" "&C5) -> John Martinez | J5: =VLOOKUP(D5,Lookup_Departments!$A$2:$B$7,2,FALSE) -> Finance | K5: =IF(H5="Active",DATEDIF(E5,TODAY(),"y"),"N/A") -> 8 | L5: =IF(G5="","No Score",VLOOKUP(G5,Lookup_Performance!$A$2:$D$6,3,TRUE)) -> Achieving | M5: =IF(G5="",0,F5*VLOOKUP(G5,Lookup_Performance!$A$2:$D$6,4,TRUE)) -> 5191.55
A6: EMP112 | B6: Thomas | C6: Smith | D6: IT02 | E6: 43097 | F6: 73785 | G6: 40 | H6: Left | I6: =TRIM(B6&" "&C6) -> Thomas Smith | J6: =VLOOKUP(D6,Lookup_Departments!$A$2:$B$7,2,FALSE) -> Information Technology | K6: =IF(H6="Active",DATEDIF(E6,TODAY(),"y"),"N/A") -> N/A | L6: =IF(G6="","No Score",VLOOKUP(G6,Lookup_Performance!$A$2:$D$6,3,TRUE)) -> Needs Improvement | M6: =IF(G6="",0,F6*VLOOKUP(G6,Lookup_Performance!$A$2:$D$6,4,TRUE)) -> 0
A7: EMP030 | B7: Emily | C7: Johnson | D7: OPS06 | E7: 43098 | F7: 115882 | G7: 49 | H7: Active | I7: =TRIM(B7&" "&C7) -> Emily Johnson | J7: =VLOOKUP(D7,Lookup_Departments!$A$2:$B$7,2,FALSE) -> Operations | K7: =IF(H7="Active",DATEDIF(E7,TODAY(),"y"),"N/A") -> 8 | L7: =IF(G7="","No Score",VLOOKUP(G7,Lookup_Performance!$A$2:$D$6,3,TRUE)) -> Needs Improvement | M7: =IF(G7="",0,F7*VLOOKUP(G7,Lookup_Performance!$A$2:$D$6,4,TRUE)) -> 0
A8: EMP096 | B8: John | C8: Wilson | D8: OPS06 | E8: 43099 | F8: 59980 | G8: 70 | H8: Left | I8: =TRIM(B8&" "&C8) -> John Wilson | J8: =VLOOKUP(D8,Lookup_Departments!$A$2:$B$7,2,FALSE) -> Operations | K8: =IF(H8="Active",DATEDIF(E8,TODAY(),"y"),"N/A") -> N/A | L8: =IF(G8="","No Score",VLOOKUP(G8,Lookup_Performance!$A$2:$D$6,3,TRUE)) -> Achieving | M8: =IF(G8="",0,F8*VLOOKUP(G8,Lookup_Performance!$A$2:$D$6,4,TRUE)) -> 2999
A9: EMP098 | B9: Jessica | C9: Smith | D9: OPS06 | E9: 43100 | F9: 68728 | G9: 45 | H9: Active | I9: =TRIM(B9&" "&C9) -> Jessica Smith | J9: =VLOOKUP(D9,Lookup_Departments!$A$2:$B$7,2,FALSE) -> Operations | K9: =IF(H9="Active",DATEDIF(E9,TODAY(),"y"),"N/A") -> 8 | L9: =IF(G9="","No Score",VLOOKUP(G9,Lookup_Performance!$A$2:$D$6,3,TRUE)) -> Needs Improvement | M9: =IF(G9="",0,F9*VLOOKUP(G9,Lookup_Performance!$A$2:$D$6,4,TRUE)) -> 0
A10: EMP095 | C10: Rodriguez | D10: FIN03 | E10: 43101 | F10: 102139 | G10: 79 | H10: Active | I10: =TRIM(B10&" "&C10) -> Rodriguez | J10: =VLOOKUP(D10,Lookup_Departments!$A$2:$B$7,2,FALSE) -> Finance | K10: =IF(H10="Active",DATEDIF(E10,TODAY(),"y"),"N/A") -> 8 | L10: =IF(G10="","No Score",VLOOKUP(G10,Lookup_Performance!$A$2:$D$6,3,TRUE)) -> Achieving | M10: =IF(G10="",0,F10*VLOOKUP(G10,Lookup_Performance!$A$2:$D$6,4,TRUE)) -> 5106.95
A11: EMP140 | B11: Michael | C11: Martinez | D11: SAL05 | E11: 43102 | F11: 94998 | G11: 58 | H11: Active | I11: =TRIM(B11&" "&C11) -> Michael Martinez | J11: =VLOOKUP(D11,Lookup_Departments!$A$2:$B$7,2,FALSE) -> Sales | K11: =IF(H11="Active",DATEDIF(E11,TODAY(),"y"),"N/A") -> 8 | L11: =IF(G11="","No Score",VLOOKUP(G11,Lookup_Performance!$A$2:$D$6,3,TRUE)) -> Developing | M11: =IF(G11="",0,F11*VLOOKUP(G11,Lookup_Performance!$A$2:$D$6,4,TRUE)) -> 1899.96
A12: EMP020 | B12: Emily | C12: Miller | D12: SAL05 | E12: 43103 | F12: 118635 | G12: 49 | H12: Active | I12: =TRIM(B12&" "&C12) -> Emily Miller | J12: =VLOOKUP(D12,Lookup_Departments!$A$2:$B$7,2,FALSE) -> Sales | K12: =IF(H12="Active",DATEDIF(E12,TODAY(),"y"),"N/A") -> 8 | L12: =IF(G12="","No Score",VLOOKUP(G12,Lookup_Performance!$A$2:$D$6,3,TRUE)) -> Needs Improvement | M12: =IF(G12="",0,F12*VLOOKUP(G12,Lookup_Performance!$A$2:$D$6,4,TRUE)) -> 0
A13: EMP057 | B13: Emily | C13: Hernandez | D13: IT02 | E13: 43104 | F13: 76918 | G13: 62 | H13: Active | I13: =TRIM(B13&" "&C13) -> Emily Hernandez | J13: =VLOOKUP(D13,Lookup_Departments!$A$2:$B$7,2,FALSE) -> Information Technology | K13: =IF(H13="Active",DATEDIF(E13,TODAY(),"y"),"N/A") -> 8 | L13: =IF(G13="","No Score",VLOOKUP(G13,Lookup_Performance!$A$2:$D$6,3,TRUE)) -> Developing | M13: =IF(G13="",0,F13*VLOOKUP(G13,Lookup_Performance!$A$2:$D$6,4,TRUE)) -> 1538.36
A14: EMP016 | B14: Jane | C14: Williams | D14: MKT04 | E14: 43105 | F14: 61408 | G14: 48 | H14: Active | I14: =TRIM(B14&" "&C14) -> Jane Williams | J14: =VLOOKUP(D14,Lookup_Departments!$A$2:$B$7,2,FALSE) -> Marketing | K14: =IF(H14="Active",DATEDIF(E14,TODAY(),"y"),"N/A") -> 8 | L14: =IF(G14="","No Score",VLOOKUP(G14,Lookup_Performance!$A$2:$D$6,3,TRUE)) -> Needs Improvement | M14: =IF(G14="",0,F14*VLOOKUP(G14,Lookup_Performance!$A$2:$D$6,4,TRUE)) -> 0
A15: EMP070 | B15: Jane | C15: Miller | D15: MKT04 | E15: 43106 | F15: 99990 | G15: 54 | H15: Active | I15: =TRIM(B15&" "&C15) -> Jane Miller | J15: =VLOOKUP(D15,Lookup_Departments!$A$2:$B$7,2,FALSE) -> Marketing | K15: =IF(H15="Active",DATEDIF(E15,TODAY(),"y"),"N/A") -> 8 | L15: =IF(G15="","No Score",VLOOKUP(G15,Lookup_Performance!$A$2:$D$6,3,TRUE)) -> Developing | M15: =IF(G15="",0,F15*VLOOKUP(G15,Lookup_Performance!$A$2:$D$6,4,TRUE)) -> 1999.8
A16: EMP025 | B16: Robert | C16: Jones | D16: MKT04 | E16: 43107 | F16: 80385 | H16: Active | I16: =TRIM(B16&" "&C16) -> Robert Jones | J16: =VLOOKUP(D16,Lookup_Departments!$A$2:$B$7,2,FALSE) -> Marketing | K16: =IF(H16="Active",DATEDIF(E16,TODAY(),"y"),"N/A") -> 8 | L16: =IF(G16="","No Score",VLOOKUP(G16,Lookup_Performance!$A$2:$D$6,3,TRUE)) -> No Score | M16: =IF(G16="",0,F16*VLOOKUP(G16,Lookup_Performance!$A$2:$D$6,4,TRUE)) -> 0
A17: EMP031 | B17: Thomas | C17: Rodriguez | D17: SAL05 | E17: 43108 | F17: 65290 | G17: 77 | H17: Active | I17: =TRIM(B17&" "&C17) -> Thomas Rodriguez | J17: =VLOOKUP(D17,Lookup_Departments!$A$2:$B$7,2,FALSE) -> Sales | K17: =IF(H17="Active",DATEDIF(E17,TODAY(),"y"),"N/A") -> 8 | L17: =IF(G17="","No Score",VLOOKUP(G17,Lookup_Performance!$A$2:$D$6,3,TRUE)) -> Achieving | M17: =IF(G17="",0,F17*VLOOKUP(G17,Lookup_Performance!$A$2:$D$6,4,TRUE)) -> 3264.5
A18: EMP126 | B18: Emily | C18: Davis | D18: IT02 | E18: 43109 | F18: 105765 | G18: 42 | H18: Active | I18: =TRIM(B18&" "&C18) -> Emily Davis | J18: =VLOOKUP(D18,Lookup_Departments!$A$2:$B$7,2,FALSE) -> Information Technology | K18: =IF(H18="Active",DATEDIF(E18,TODAY(),"y"),"N/A") -> 8 | L18: =IF(G18="","No Score",VLOOKUP(G18,Lookup_Performance!$A$2:$D$6,3,TRUE)) -> Needs Improvement | M18: =IF(G18="",0,F18*VLOOKUP(G18,Lookup_Performance!$A$2:$D$6,4,TRUE)) -> 0
A19: EMP109 | B19: James | C19: Martinez | D19: SAL05 | E19: 43110 | F19: 102921 | G19: 49 | H19: Active | I19: =TRIM(B19&" "&C19) -> James Martinez | J19: =VLOOKUP(D19,Lookup_Departments!$A$2:$B$7,2,FALSE) -> Sales | K19: =IF(H19="Active",DATEDIF(E19,TODAY(),"y"),"N/A") -> 8 | L19: =IF(G19="","No Score",VLOOKUP(G19,Lookup_Performance!$A$2:$D$6,3,TRUE)) -> Needs Improvement | M19: =IF(G19="",0,F19*VLOOKUP(G19,Lookup_Performance!$A$2:$D$6,4,TRUE)) -> 0
A20: EMP066 | B20: Ashley | C20: Lopez | D20: MKT04 | E20: 43111 | F20: 73984 | G20: 93 | H20: Active | I20: =TRIM(B20&" "&C20) -> Ashley Lopez | J20: =VLOOKUP(D20,Lookup_Departments!$A$2:$B$7,2,FALSE) -> Marketing | K20: =IF(H20="Active",DATEDIF(E20,TODAY(),"y"),"N/A") -> 8 | L20: =IF(G20="","No Score",VLOOKUP(G20,Lookup_Performance!$A$2:$D$6,3,TRUE)) -> Exceeding | M20: =IF(G20="",0,F20*VLOOKUP(G20,Lookup_Performance!$A$2:$D$6,4,TRUE)) -> 5918.72
A21: EMP120 | B21: Amanda | C21: Gonzalez | D21: IT02 | E21: 43112 | G21: 75 | H21: Active | I21: =TRIM(B21&" "&C21) -> Amanda Gonzalez | J21: =VLOOKUP(D21,Lookup_Departments!$A$2:$B$7,2,FALSE) -> Information Technology | K21: =IF(H21="Active",DATEDIF(E21,TODAY(),"y"),"N/A") -> 8 | L21: =IF(G21="","No Score",VLOOKUP(G21,Lookup_Performance!$A$2:$D$6,3,TRUE)) -> Achieving | M21: =IF(G21="",0,F21*VLOOKUP(G21,Lookup_Performance!$A$2:$D$6,4,TRUE)) -> 0
A22: EMP019 | B22: Michael | C22: Hernandez | D22: FIN03 | E22: 43113 | F22: 118527 | G22: 50 | H22: Active | I22: =TRIM(B22&" "&C22) -> Michael Hernandez | J22: =VLOOKUP(D22,Lookup_Departments!$A$2:$B$7,2,FALSE) -> Finance | K22: =IF(H22="Active",DATEDIF(E22,TODAY(),"y"),"N/A") -> 8 | L22: =IF(G22="","No Score",VLOOKUP(G22,Lookup_Performance!$A$2:$D$6,3,TRUE)) -> Developing | M22: =IF(G22="",0,F22*VLOOKUP(G22,Lookup_Performance!$A$2:$D$6,4,TRUE)) -> 2370.54
A23: EMP013 | B23: Richard | C23: Hernandez | D23: MKT04 | E23: 43114 | G23: 88 | H23: Active | I23: =TRIM(B23&" "&C23) -> Richard Hernandez | J23: =VLOOKUP(D23,Lookup_Departments!$A$2:$B$7,2,FALSE) -> Marketing | K23: =IF(H23="Active",DATEDIF(E23,TODAY(),"y"),"N/A") -> 8 | L23: =IF(G23="","No Score",VLOOKUP(G23,Lookup_Performance!$A$2:$D$6,3,TRUE)) -> Exceeding | M23: =IF(G23="",0,F23*VLOOKUP(G23,Lookup_Performance!$A$2:$D$6,4,TRUE)) -> 0
A24: EMP010 | B24: Michael | C24: Rodriguez | D24: IT02 | E24: 43115 | F24: 93956 | G24: 50 | H24: Left | I24: =TRIM(B24&" "&C24) -> Michael Rodriguez | J24: =VLOOKUP(D24,Lookup_Departments!$A$2:$B$7,2,FALSE) -> Information Technology | K24: =IF(H24="Active",DATEDIF(E24,TODAY(),"y"),"N/A") -> N/A | L24: =IF(G24="","No Score",VLOOKUP(G24,Lookup_Performance!$A$2:$D$6,3,TRUE)) -> Developing | M24: =IF(G24="",0,F24*VLOOKUP(G24,Lookup_Performance!$A$2:$D$6,4,TRUE)) -> 1879.12
A25: EMP032 | B25: Jessica | C25: Johnson | D25: FIN03 | E25: 43116 | F25: 100851 | G25: 64 | H25: Active | I25: =TRIM(B25&" "&C25) -> Jessica Johnson | J25: =VLOOKUP(D25,Lookup_Departments!$A$2:$B$7,2,FALSE) -> Finance | K25: =IF(H25="Active",DATEDIF(E25,TODAY(),"y"),"N/A") -> 8 | L25: =IF(G25="","No Score",VLOOKUP(G25,Lookup_Performance!$A$2:$D$6,3,TRUE)) -> Developing | M25: =IF(G25="",0,F25*VLOOKUP(G25,Lookup_Performance!$A$2:$D$6,4,TRUE)) -> 2017.02
A26: EMP082 | B26: Ashley | C26: Williams | D26: SAL05 | E26: 43117 | F26: 68655 | G26: 32 | H26: Active | I26: =TRIM(B26&" "&C26) -> Ashley Williams | J26: =VLOOKUP(D26,Lookup_Departments!$A$2:$B$7,2,FALSE) -> Sales | K26: =IF(H26="Active",DATEDIF(E26,TODAY(),"y"),"N/A") -> 8 | L26: =IF(G26="","No Score",VLOOKUP(G26,Lookup_Performance!$A$2:$D$6,3,TRUE)) -> Needs Improvement | M26: =IF(G26="",0,F26*VLOOKUP(G26,Lookup_Performance!$A$2:$D$6,4,TRUE)) -> 0
A27: EMP052 | C27: Williams | D27: SAL05 | E27: 43118 | F27: 81205 | G27: 59 | H27: Active | I27: =TRIM(B27&" "&C27) -> Williams | J27: =VLOOKUP(D27,Lookup_Departments!$A$2:$B$7,2,FALSE) -> Sales | K27: =IF(H27="Active",DATEDIF(E27,TODAY(),"y"),"N/A") -> 8 | L27: =IF(G27="","No Score",VLOOKUP(G27,Lookup_Performance!$A$2:$D$6,3,TRUE)) -> Developing | M27: =IF(G27="",0,F27*VLOOKUP(G27,Lookup_Performance!$A$2:$D$6,4,TRUE)) -> 1624.1
A28: EMP129 | B28: John | C28: Wilson | D28: SAL05 | E28: 43119 | F28: 77610 | G28: 88 | H28: Active | I28: =TRIM(B28&" "&C28) -> John Wilson | J28: =VLOOKUP(D28,Lookup_Departments!$A$2:$B$7,2,FALSE) -> Sales | K28: =IF(H28="Active",DATEDIF(E28,TODAY(),"y"),"N/A") -> 8 | L28: =IF(G28="","No Score",VLOOKUP(G28,Lookup_Performance!$A$2:$D$6,3,TRUE)) -> Exceeding | M28: =IF(G28="",0,F28*VLOOKUP(G28,Lookup_Performance!$A$2:$D$6,4,TRUE)) -> 6208.8
A29: EMP146 | B29: Thomas | C29: Rodriguez | D29: IT02 | E29: 43120 | F29: 50873 | G29: 90 | H29: Active | I29: =TRIM(B29&" "&C29) -> Thomas Rodriguez | J29: =VLOOKUP(D29,Lookup_Departments!$A$2:$B$7,2,FALSE) -> Information Technology | K29: =IF(H29="Active",DATEDIF(E29,TODAY(),"y"),"N/A") -> 8 | L29: =IF(G29="","No Score",VLOOKUP(G29,Lookup_Performance!$A$2:$D$6,3,TRUE)) -> Exceeding | M29: =IF(G29="",0,F29*VLOOKUP(G29,Lookup_Performance!$A$2:$D$6,4,TRUE)) -> 4069.84
A30: EMP099 | B30: Michael | C30: Wilson | D30: FIN03 | E30: 43121 | F30: 85312 | G30: 66 | H30: Active | I30: =TRIM(B30&" "&C30) -> Michael Wilson | J30: =VLOOKUP(D30,Lookup_Departments!$A$2:$B$7,2,FALSE) -> Finance | K30: =IF(H30="Active",DATEDIF(E30,TODAY(),"y"),"N/A") -> 8 | L30: =IF(G30="","No Score",VLOOKUP(G30,Lookup_Performance!$A$2:$D$6,3,TRUE)) -> Developing | M30: =IF(G30="",0,F30*VLOOKUP(G30,Lookup_Performance!$A$2:$D$6,4,TRUE)) -> 1706.24
A31: EMP015 | B31: John | C31: Rodriguez | D31: SAL05 | E31: 43122 | G31: 68 | H31: Active | I31: =TRIM(B31&" "&C31) -> John Rodriguez | J31: =VLOOKUP(D31,Lookup_Departments!$A$2:$B$7,2,FALSE) -> Sales | K31: =IF(H31="Active",DATEDIF(E31,TODAY(),"y"),"N/A") -> 8 | L31: =IF(G31="","No Score",VLOOKUP(G31,Lookup_Performance!$A$2:$D$6,3,TRUE)) -> Developing | M31: =IF(G31="",0,F31*VLOOKUP(G31,Lookup_Performance!$A$2:$D$6,4,TRUE)) -> 0
A32: EMP076 | B32: Thomas | C32: Hernandez | D32: OPS06 | E32: 43123 | F32: 97055 | G32: 80 | H32: Active | I32: =TRIM(B32&" "&C32) -> Thomas Hernandez | J32: =VLOOKUP(D32,Lookup_Departments!$A$2:$B$7,2,FALSE) -> Operations | K32: =IF(H32="Active",DATEDIF(E32,TODAY(),"y"),"N/A") -> 8 | L32: =IF(G32="","No Score",VLOOKUP(G32,Lookup_Performance!$A$2:$D$6,3,TRUE)) -> Achieving | M32: =IF(G32="",0,F32*VLOOKUP(G32,Lookup_Performance!$A$2:$D$6,4,TRUE)) -> 4852.75
A33: EMP137 | B33: Michael | C33: Johnson | D33: IT02 | E33: 43124 | F33: 66069 | G33: 72 | H33: Active | I33: =TRIM(B33&" "&C33) -> Michael Johnson | J33: =VLOOKUP(D33,Lookup_Departments!$A$2:$B$7,2,FALSE) -> Information Technology | K33: =IF(H33="Active",DATEDIF(E33,TODAY(),"y"),"N/A") -> 8 | L33: =IF(G33="","No Score",VLOOKUP(G33,Lookup_Performance!$A$2:$D$6,3,TRUE)) -> Achieving | M33: =IF(G33="",0,F33*VLOOKUP(G33,Lookup_Performance!$A$2:$D$6,4,TRUE)) -> 3303.45
A34: EMP056 | B34: Sarah | C34: Brown | D34: IT02 | E34: 43125 | F34: 90157 | G34: 58 | H34: Active | I34: =TRIM(B34&" "&C34) -> Sarah Brown | J34: =VLOOKUP(D34,Lookup_Departments!$A$2:$B$7,2,FALSE) -> Information Technology | K34: =IF(H34="Active",DATEDIF(E34,TODAY(),"y"),"N/A") -> 8 | L34: =IF(G34="","No Score",VLOOKUP(G34,Lookup_Performance!$A$2:$D$6,3,TRUE)) -> Developing | M34: =IF(G34="",0,F34*VLOOKUP(G34,Lookup_Performance!$A$2:$D$6,4,TRUE)) -> 1803.14
A35: EMP125 | B35: Jane | C35: Martinez | D35: HR01 | E35: 43126 | F35: 59899 | G35: 78 | H35: Active | I35: =TRIM(B35&" "&C35) -> Jane Martinez | J35: =VLOOKUP(D35,Lookup_Departments!$A$2:$B$7,2,FALSE) -> Human Resources | K35: =IF(H35="Active",DATEDIF(E35,TODAY(),"y"),"N/A") -> 8 | L35: =IF(G35="","No Score",VLOOKUP(G35,Lookup_Performance!$A$2:$D$6,3,TRUE)) -> Achieving | M35: =IF(G35="",0,F35*VLOOKUP(G35,Lookup_Performance!$A$2:$D$6,4,TRUE)) -> 2994.95
A36: EMP085 | B36: Emily | C36: Jones | D36: FIN03 | E36: 43127 | F36: 113389 | G36: 30 | H36: Active | I36: =TRIM(B36&" "&C36) -> Emily Jones | J36: =VLOOKUP(D36,Lookup_Departments!$A$2:$B$7,2,FALSE) -> Finance | K36: =IF(H36="Active",DATEDIF(E36,TODAY(),"y"),"N/A") -> 8 | L36: =IF(G36="","No Score",VLOOKUP(G36,Lookup_Performance!$A$2:$D$6,3,TRUE)) -> Needs Improvement | M36: =IF(G36="",0,F36*VLOOKUP(G36,Lookup_Performance!$A$2:$D$6,4,TRUE)) -> 0
A37: EMP106 | C37: Brown | D37: IT02 | E37: 43128 | F37: 102691 | G37: 52 | H37: Active | I37: =TRIM(B37&" "&C37) -> Brown | J37: =VLOOKUP(D37,Lookup_Departments!$A$2:$B$7,2,FALSE) -> Information Technology | K37: =IF(H37="Active",DATEDIF(E37,TODAY(),"y"),"N/A") -> 8 | L37: =IF(G37="","No Score",VLOOKUP(G37,Lookup_Performance!$A$2:$D$6,3,TRUE)) -> Developing | M37: =IF(G37="",0,F37*VLOOKUP(G37,Lookup_Performance!$A$2:$D$6,4,TRUE)) -> 2053.82
A38: EMP043 | B38: John | C38: Wilson | D38: OPS06 | E38: 43129 | F38: 111845 | G38: 98 | H38: Active | I38: =TRIM(B38&" "&C38) -> John Wilson | J38: =VLOOKUP(D38,Lookup_Departments!$A$2:$B$7,2,FALSE) -> Operations | K38: =IF(H38="Active",DATEDIF(E38,TODAY(),"y"),"N/A") -> 8 | L38: =IF(G38="","No Score",VLOOKUP(G38,Lookup_Performance!$A$2:$D$6,3,TRUE)) -> Outstanding | M38: =IF(G38="",0,F38*VLOOKUP(G38,Lookup_Performance!$A$2:$D$6,4,TRUE)) -> 13421.4
A39: EMP068 | B39: Melissa | C39: Brown | D39: SAL05 | E39: 43130 | F39: 69219 | G39: 93 | H39: Active | I39: =TRIM(B39&" "&C39) -> Melissa Brown | J39: =VLOOKUP(D39,Lookup_Departments!$A$2:$B$7,2,FALSE) -> Sales | K39: =IF(H39="Active",DATEDIF(E39,TODAY(),"y"),"N/A") -> 8 | L39: =IF(G39="","No Score",VLOOKUP(G39,Lookup_Performance!$A$2:$D$6,3,TRUE)) -> Exceeding | M39: =IF(G39="",0,F39*VLOOKUP(G39,Lookup_Performance!$A$2:$D$6,4,TRUE)) -> 5537.52
A40: EMP128 | B40: Michael | C40: Smith | D40: FIN03 | E40: 43131 | G40: 80 | H40: Left | I40: =TRIM(B40&" "&C40) -> Michael Smith | J40: =VLOOKUP(D40,Lookup_Departments!$A$2:$B$7,2,FALSE) -> Finance | K40: =IF(H40="Active",DATEDIF(E40,TODAY(),"y"),"N/A") -> N/A | L40: =IF(G40="","No Score",VLOOKUP(G40,Lookup_Performance!$A$2:$D$6,3,TRUE)) -> Achieving | M40: =IF(G40="",0,F40*VLOOKUP(G40,Lookup_Performance!$A$2:$D$6,4,TRUE)) -> 0
A41: EMP027 | B41: Sarah | C41: Miller | D41: OPS06 | E41: 43132 | F41: 57514 | H41: Active | I41: =TRIM(B41&" "&C41) -> Sarah Miller | J41: =VLOOKUP(D41,Lookup_Departments!$A$2:$B$7,2,FALSE) -> Operations | K41: =IF(H41="Active",DATEDIF(E41,TODAY(),"y"),"N/A") -> 8 | L41: =IF(G41="","No Score",VLOOKUP(G41,Lookup_Performance!$A$2:$D$6,3,TRUE)) -> No Score | M41: =IF(G41="",0,F41*VLOOKUP(G41,Lookup_Performance!$A$2:$D$6,4,TRUE)) -> 0
A42: EMP136 | B42: Emily | C42: Wilson | D42: SAL05 | E42: 43133 | F42: 86245 | G42: 71 | H42: Left | I42: =TRIM(B42&" "&C42) -> Emily Wilson | J42: =VLOOKUP(D42,Lookup_Departments!$A$2:$B$7,2,FALSE) -> Sales | K42: =IF(H42="Active",DATEDIF(E42,TODAY(),"y"),"N/A") -> N/A | L42: =IF(G42="","No Score",VLOOKUP(G42,Lookup_Performance!$A$2:$D$6,3,TRUE)) -> Achieving | M42: =IF(G42="",0,F42*VLOOKUP(G42,Lookup_Performance!$A$2:$D$6,4,TRUE)) -> 4312.25
A43: EMP079 | B43: David | C43: Hernandez | D43: SAL05 | E43: 43134 | F43: 52407 | G43: 55 | H43: Active | I43: =TRIM(B43&" "&C43) -> David Hernandez | J43: =VLOOKUP(D43,Lookup_Departments!$A$2:$B$7,2,FALSE) -> Sales | K43: =IF(H43="Active",DATEDIF(E43,TODAY(),"y"),"N/A") -> 8 | L43: =IF(G43="","No Score",VLOOKUP(G43,Lookup_Performance!$A$2:$D$6,3,TRUE)) -> Developing | M43: =IF(G43="",0,F43*VLOOKUP(G43,Lookup_Performance!$A$2:$D$6,4,TRUE)) -> 1048.14
A44: EMP149 | B44: James | C44: Smith | D44: OPS06 | E44: 43135 | F44: 66606 | G44: 93 | H44: Resigned | I44: =TRIM(B44&" "&C44) -> James Smith | J44: =VLOOKUP(D44,Lookup_Departments!$A$2:$B$7,2,FALSE) -> Operations | K44: =IF(H44="Active",DATEDIF(E44,TODAY(),"y"),"N/A") -> N/A | L44: =IF(G44="","No Score",VLOOKUP(G44,Lookup_Performance!$A$2:$D$6,3,TRUE)) -> Exceeding | M44: =IF(G44="",0,F44*VLOOKUP(G44,Lookup_Performance!$A$2:$D$6,4,TRUE)) -> 5328.48
A45: EMP037 | B45: Sarah | C45: Williams | D45: IT02 | E45: 43136 | F45: 81896 | G45: 79 | H45: Resigned | I45: =TRIM(B45&" "&C45) -> Sarah Williams | J45: =VLOOKUP(D45,Lookup_Departments!$A$2:$B$7,2,FALSE) -> Information Technology | K45: =IF(H45="Active",DATEDIF(E45,TODAY(),"y"),"N/A") -> N/A | L45: =IF(G45="","No Score",VLOOKUP(G45,Lookup_Performance!$A$2:$D$6,3,TRUE)) -> Achieving | M45: =IF(G45="",0,F45*VLOOKUP(G45,Lookup_Performance!$A$2:$D$6,4,TRUE)) -> 4094.8
A46: EMP077 | B46: Amanda | C46: Lopez | D46: SAL05 | E46: 43137 | F46: 78402 | G46: 54 | H46: Active | I46: =TRIM(B46&" "&C46) -> Amanda Lopez | J46: =VLOOKUP(D46,Lookup_Departments!$A$2:$B$7,2,FALSE) -> Sales | K46: =IF(H46="Active",DATEDIF(E46,TODAY(),"y"),"N/A") -> 8 | L46: =IF(G46="","No Score",VLOOKUP(G46,Lookup_Performance!$A$2:$D$6,3,TRUE)) -> Developing | M46: =IF(G46="",0,F46*VLOOKUP(G46,Lookup_Performance!$A$2:$D$6,4,TRUE)) -> 1568.04
A47: EMP023 | B47: Thomas | C47: Lopez | D47: OPS06 | E47: 43138 | F47: 105498 | G47: 76 | H47: Active | I47: =TRIM(B47&" "&C47) -> Thomas Lopez | J47: =VLOOKUP(D47,Lookup_Departments!$A$2:$B$7,2,FALSE) -> Operations | K47: =IF(H47="Active",DATEDIF(E47,TODAY(),"y"),"N/A") -> 8 | L47: =IF(G47="","No Score",VLOOKUP(G47,Lookup_Performance!$A$2:$D$6,3,TRUE)) -> Achieving | M47: =IF(G47="",0,F47*VLOOKUP(G47,Lookup_Performance!$A$2:$D$6,4,TRUE)) -> 5274.9
A48: EMP133 | B48: Melissa | C48: Johnson | D48: MKT04 | E48: 43139 | F48: 91749 | G48: 72 | H48: Left | I48: =TRIM(B48&" "&C48) -> Melissa Johnson | J48: =VLOOKUP(D48,Lookup_Departments!$A$2:$B$7,2,FALSE) -> Marketing | K48: =IF(H48="Active",DATEDIF(E48,TODAY(),"y"),"N/A") -> N/A | L48: =IF(G48="","No Score",VLOOKUP(G48,Lookup_Performance!$A$2:$D$6,3,TRUE)) -> Achieving | M48: =IF(G48="",0,F48*VLOOKUP(G48,Lookup_Performance!$A$2:$D$6,4,TRUE)) -> 4587.45
A49: EMP141 | B49: Amanda | C49: Johnson | D49: OPS06 | E49: 43140 | F49: 99935 | G49: 84 | H49: Resigned | I49: =TRIM(B49&" "&C49) -> Amanda Johnson | J49: =VLOOKUP(D49,Lookup_Departments!$A$2:$B$7,2,FALSE) -> Operations | K49: =IF(H49="Active",DATEDIF(E49,TODAY(),"y"),"N/A") -> N/A | L49: =IF(G49="","No Score",VLOOKUP(G49,Lookup_Performance!$A$2:$D$6,3,TRUE)) -> Achieving | M49: =IF(G49="",0,F49*VLOOKUP(G49,Lookup_Performance!$A$2:$D$6,4,TRUE)) -> 4996.75
A50: EMP012 | B50: John | C50: Davis | D50: IT02 | E50: 43141 | F50: 83531 | G50: 30 | H50: Left | I50: =TRIM(B50&" "&C50) -> John Davis | J50: =VLOOKUP(D50,Lookup_Departments!$A$2:$B$7,2,FALSE) -> Information Technology | K50: =IF(H50="Active",DATEDIF(E50,TODAY(),"y"),"N/A") -> N/A | L50: =IF(G50="","No Score",VLOOKUP(G50,Lookup_Performance!$A$2:$D$6,3,TRUE)) -> Needs Improvement | M50: =IF(G50="",0,F50*VLOOKUP(G50,Lookup_Performance!$A$2:$D$6,4,TRUE)) -> 0
A51: EMP080 | B51: James | C51: Johnson | D51: MKT04 | E51: 43142 | F51: 75023 | H51: Active | I51: =TRIM(B51&" "&C51) -> James Johnson | J51: =VLOOKUP(D51,Lookup_Departments!$A$2:$B$7,2,FALSE) -> Marketing | K51: =IF(H51="Active",DATEDIF(E51,TODAY(),"y"),"N/A") -> 8 | L51: =IF(G51="","No Score",VLOOKUP(G51,Lookup_Performance!$A$2:$D$6,3,TRUE)) -> No Score | M51: =IF(G51="",0,F51*VLOOKUP(G51,Lookup_Performance!$A$2:$D$6,4,TRUE)) -> 0
A52: EMP069 | B52: Jane | C52: Davis | D52: HR01 | E52: 43143 | F52: 93290 | G52: 53 | H52: Active | I52: =TRIM(B52&" "&C52) -> Jane Davis | J52: =VLOOKUP(D52,Lookup_Departments!$A$2:$B$7,2,FALSE) -> Human Resources | K52: =IF(H52="Active",DATEDIF(E52,TODAY(),"y"),"N/A") -> 8 | L52: =IF(G52="","No Score",VLOOKUP(G52,Lookup_Performance!$A$2:$D$6,3,TRUE)) -> Developing | M52: =IF(G52="",0,F52*VLOOKUP(G52,Lookup_Performance!$A$2:$D$6,4,TRUE)) -> 1865.8
A53: EMP150 | B53: Richard | C53: Davis | D53: OPS06 | E53: 43144 | F53: 115527 | G53: 63 | H53: Resigned | I53: =TRIM(B53&" "&C53) -> Richard Davis | J53: =VLOOKUP(D53,Lookup_Departments!$A$2:$B$7,2,FALSE) -> Operations | K53: =IF(H53="Active",DATEDIF(E53,TODAY(),"y"),"N/A") -> N/A | L53: =IF(G53="","No Score",VLOOKUP(G53,Lookup_Performance!$A$2:$D$6,3,TRUE)) -> Developing | M53: =IF(G53="",0,F53*VLOOKUP(G53,Lookup_Performance!$A$2:$D$6,4,TRUE)) -> 2310.54
A54: EMP028 | B54: Thomas | C54: Rodriguez | D54: FIN03 | E54: 43145 | F54: 55920 | G54: 84 | H54: Active | I54: =TRIM(B54&" "&C54) -> Thomas Rodriguez | J54: =VLOOKUP(D54,Lookup_Departments!$A$2:$B$7,2,FALSE) -> Finance | K54: =IF(H54="Active",DATEDIF(E54,TODAY(),"y"),"N/A") -> 8 | L54: =IF(G54="","No Score",VLOOKUP(G54,Lookup_Performance!$A$2:$D$6,3,TRUE)) -> Achieving | M54: =IF(G54="",0,F54*VLOOKUP(G54,Lookup_Performance!$A$2:$D$6,4,TRUE)) -> 2796
A55: EMP087 | B55: Emily | C55: Johnson | D55: SAL05 | E55: 43146 | F55: 80189 | G55: 30 | H55: Active | I55: =TRIM(B55&" "&C55) -> Emily Johnson | J55: =VLOOKUP(D55,Lookup_Departments!$A$2:$B$7,2,FALSE) -> Sales | K55: =IF(H55="Active",DATEDIF(E55,TODAY(),"y"),"N/A") -> 8 | L55: =IF(G55="","No Score",VLOOKUP(G55,Lookup_Performance!$A$2:$D$6,3,TRUE)) -> Needs Improvement | M55: =IF(G55="",0,F55*VLOOKUP(G55,Lookup_Performance!$A$2:$D$6,4,TRUE)) -> 0
A56: EMP119 | B56: Emily | C56: Garcia | D56: HR01 | E56: 43147 | F56: 118947 | G56: 96 | H56: Active | I56: =TRIM(B56&" "&C56) -> Emily Garcia | J56: =VLOOKUP(D56,Lookup_Departments!$A$2:$B$7,2,FALSE) -> Human Resources | K56: =IF(H56="Active",DATEDIF(E56,TODAY(),"y"),"N/A") -> 8 | L56: =IF(G56="","No Score",VLOOKUP(G56,Lookup_Performance!$A$2:$D$6,3,TRUE)) -> Outstanding | M56: =IF(G56="",0,F56*VLOOKUP(G56,Lookup_Performance!$A$2:$D$6,4,TRUE)) -> 14273.64
A57: EMP042 | B57: Jane | C57: Anderson | D57: IT02 | E57: 43148 | G57: 54 | H57: Active | I57: =TRIM(B57&" "&C57) -> Jane Anderson | J57: =VLOOKUP(D57,Lookup_Departments!$A$2:$B$7,2,FALSE) -> Information Technology | K57: =IF(H57="Active",DATEDIF(E57,TODAY(),"y"),"N/A") -> 8 | L57: =IF(G57="","No Score",VLOOKUP(G57,Lookup_Performance!$A$2:$D$6,3,TRUE)) -> Developing | M57: =IF(G57="",0,F57*VLOOKUP(G57,Lookup_Performance!$A$2:$D$6,4,TRUE)) -> 0
A58: EMP005 | B58: Thomas | C58: Garcia | D58: OPS06 | E58: 43149 | G58: 75 | H58: Active | I58: =TRIM(B58&" "&C58) -> Thomas Garcia | J58: =VLOOKUP(D58,Lookup_Departments!$A$2:$B$7,2,FALSE) -> Operations | K58: =IF(H58="Active",DATEDIF(E58,TODAY(),"y"),"N/A") -> 8 | L58: =IF(G58="","No Score",VLOOKUP(G58,Lookup_Performance!$A$2:$D$6,3,TRUE)) -> Achieving | M58: =IF(G58="",0,F58*VLOOKUP(G58,Lookup_Performance!$A$2:$D$6,4,TRUE)) -> 0
A59: EMP033 | B59: David | C59: Martinez | D59: HR01 | E59: 43150 | F59: 91655 | G59: 95 | H59: Active | I59: =TRIM(B59&" "&C59) -> David Martinez | J59: =VLOOKUP(D59,Lookup_Departments!$A$2:$B$7,2,FALSE) -> Human Resources | K59: =IF(H59="Active",DATEDIF(E59,TODAY(),"y"),"N/A") -> 8 | L59: =IF(G59="","No Score",VLOOKUP(G59,Lookup_Performance!$A$2:$D$6,3,TRUE)) -> Outstanding | M59: =IF(G59="",0,F59*VLOOKUP(G59,Lookup_Performance!$A$2:$D$6,4,TRUE)) -> 10998.6
A60: EMP061 | B60: Emily | C60: Brown | D60: IT02 | E60: 43151 | F60: 49435 | H60: Left | I60: =TRIM(B60&" "&C60) -> Emily Brown | J60: =VLOOKUP(D60,Lookup_Departments!$A$2:$B$7,2,FALSE) -> Information Technology | K60: =IF(H60="Active",DATEDIF(E60,TODAY(),"y"),"N/A") -> N/A | L60: =IF(G60="","No Score",VLOOKUP(G60,Lookup_Performance!$A$2:$D$6,3,TRUE)) -> No Score | M60: =IF(G60="",0,F60*VLOOKUP(G60,Lookup_Performance!$A$2:$D$6,4,TRUE)) -> 0
A61: EMP102 | B61: Emily | C61: Wilson | D61: SAL05 | E61: 43152 | F61: 110381 | G61: 93 | H61: Active | I61: =TRIM(B61&" "&C61) -> Emily Wilson | J61: =VLOOKUP(D61,Lookup_Departments!$A$2:$B$7,2,FALSE) -> Sales | K61: =IF(H61="Active",DATEDIF(E61,TODAY(),"y"),"N/A") -> 8 | L61: =IF(G61="","No Score",VLOOKUP(G61,Lookup_Performance!$A$2:$D$6,3,TRUE)) -> Exceeding | M61: =IF(G61="",0,F61*VLOOKUP(G61,Lookup_Performance!$A$2:$D$6,4,TRUE)) -> 8830.48
A62: EMP067 | B62: Michael | C62: Anderson | D62: HR01 | E62: 43153 | F62: 114748 | G62: 33 | H62: Active | I62: =TRIM(B62&" "&C62) -> Michael Anderson | J62: =VLOOKUP(D62,Lookup_Departments!$A$2:$B$7,2,FALSE) -> Human Resources | K62: =IF(H62="Active",DATEDIF(E62,TODAY(),"y"),"N/A") -> 8 | L62: =IF(G62="","No Score",VLOOKUP(G62,Lookup_Performance!$A$2:$D$6,3,TRUE)) -> Needs Improvement | M62: =IF(G62="",0,F62*VLOOKUP(G62,Lookup_Performance!$A$2:$D$6,4,TRUE)) -> 0
A63: EMP017 | B63: Robert | C63: Johnson | D63: OPS06 | E63: 43154 | F63: 63302 | G63: 91 | H63: Active | I63: =TRIM(B63&" "&C63) -> Robert Johnson | J63: =VLOOKUP(D63,Lookup_Departments!$A$2:$B$7,2,FALSE) -> Operations | K63: =IF(H63="Active",DATEDIF(E63,TODAY(),"y"),"N/A") -> 8 | L63: =IF(G63="","No Score",VLOOKUP(G63,Lookup_Performance!$A$2:$D$6,3,TRUE)) -> Exceeding | M63: =IF(G63="",0,F63*VLOOKUP(G63,Lookup_Performance!$A$2:$D$6,4,TRUE)) -> 5064.16
A64: EMP123 | B64: Robert | C64: Miller | D64: IT02 | E64: 43155 | F64: 75519 | G64: 64 | H64: Active | I64: =TRIM(B64&" "&C64) -> Robert Miller | J64: =VLOOKUP(D64,Lookup_Departments!$A$2:$B$7,2,FALSE) -> Information Technology | K64: =IF(H64="Active",DATEDIF(E64,TODAY(),"y"),"N/A") -> 8 | L64: =IF(G64="","No Score",VLOOKUP(G64,Lookup_Performance!$A$2:$D$6,3,TRUE)) -> Developing | M64: =IF(G64="",0,F64*VLOOKUP(G64,Lookup_Performance!$A$2:$D$6,4,TRUE)) -> 1510.38
A65: EMP011 | B65: Jane | C65: Davis | D65: FIN03 | E65: 43156 | F65: 103891 | G65: 80 | H65: Active | I65: =TRIM(B65&" "&C65) -> Jane Davis | J65: =VLOOKUP(D65,Lookup_Departments!$A$2:$B$7,2,FALSE) -> Finance | K65: =IF(H65="Active",DATEDIF(E65,TODAY(),"y"),"N/A") -> 8 | L65: =IF(G65="","No Score",VLOOKUP(G65,Lookup_Performance!$A$2:$D$6,3,TRUE)) -> Achieving | M65: =IF(G65="",0,F65*VLOOKUP(G65,Lookup_Performance!$A$2:$D$6,4,TRUE)) -> 5194.55
A66: EMP091 | B66: Thomas | C66: Davis | D66: OPS06 | E66: 43157 | G66: 46 | H66: Left | I66: =TRIM(B66&" "&C66) -> Thomas Davis | J66: =VLOOKUP(D66,Lookup_Departments!$A$2:$B$7,2,FALSE) -> Operations | K66: =IF(H66="Active",DATEDIF(E66,TODAY(),"y"),"N/A") -> N/A | L66: =IF(G66="","No Score",VLOOKUP(G66,Lookup_Performance!$A$2:$D$6,3,TRUE)) -> Needs Improvement | M66: =IF(G66="",0,F66*VLOOKUP(G66,Lookup_Performance!$A$2:$D$6,4,TRUE)) -> 0
A67: EMP145 | B67: Thomas | C67: Jones | D67: MKT04 | E67: 43158 | F67: 50936 | G67: 99 | H67: Active | I67: =TRIM(B67&" "&C67) -> Thomas Jones | J67: =VLOOKUP(D67,Lookup_Departments!$A$2:$B$7,2,FALSE) -> Marketing | K67: =IF(H67="Active",DATEDIF(E67,TODAY(),"y"),"N/A") -> 8 | L67: =IF(G67="","No Score",VLOOKUP(G67,Lookup_Performance!$A$2:$D$6,3,TRUE)) -> Outstanding | M67: =IF(G67="",0,F67*VLOOKUP(G67,Lookup_Performance!$A$2:$D$6,4,TRUE)) -> 6112.32
A68: EMP001 | B68: Michael | C68: Miller | D68: SAL05 | E68: 43159 | F68: 111240 | H68: Active | I68: =TRIM(B68&" "&C68) -> Michael Miller | J68: =VLOOKUP(D68,Lookup_Departments!$A$2:$B$7,2,FALSE) -> Sales | K68: =IF(H68="Active",DATEDIF(E68,TODAY(),"y"),"N/A") -> 8 | L68: =IF(G68="","No Score",VLOOKUP(G68,Lookup_Performance!$A$2:$D$6,3,TRUE)) -> No Score | M68: =IF(G68="",0,F68*VLOOKUP(G68,Lookup_Performance!$A$2:$D$6,4,TRUE)) -> 0
A69: EMP113 | B69: Richard | C69: Gonzalez | D69: HR01 | E69: 43160 | F69: 51567 | G69: 87 | H69: Resigned | I69: =TRIM(B69&" "&C69) -> Richard Gonzalez | J69: =VLOOKUP(D69,Lookup_Departments!$A$2:$B$7,2,FALSE) -> Human Resources | K69: =IF(H69="Active",DATEDIF(E69,TODAY(),"y"),"N/A") -> N/A | L69: =IF(G69="","No Score",VLOOKUP(G69,Lookup_Performance!$A$2:$D$6,3,TRUE)) -> Exceeding | M69: =IF(G69="",0,F69*VLOOKUP(G69,Lookup_Performance!$A$2:$D$6,4,TRUE)) -> 4125.36
A70: EMP065 | B70: Melissa | C70: Williams | D70: HR01 | E70: 43161 | G70: 36 | H70: Active | I70: =TRIM(B70&" "&C70) -> Melissa Williams | J70: =VLOOKUP(D70,Lookup_Departments!$A$2:$B$7,2,FALSE) -> Human Resources | K70: =IF(H70="Active",DATEDIF(E70,TODAY(),"y"),"N/A") -> 8 | L70: =IF(G70="","No Score",VLOOKUP(G70,Lookup_Performance!$A$2:$D$6,3,TRUE)) -> Needs Improvement | M70: =IF(G70="",0,F70*VLOOKUP(G70,Lookup_Performance!$A$2:$D$6,4,TRUE)) -> 0
A71: EMP045 | B71: Robert | C71: Miller | D71: HR01 | E71: 43162 | F71: 55270 | G71: 87 | H71: Active | I71: =TRIM(B71&" "&C71) -> Robert Miller | J71: =VLOOKUP(D71,Lookup_Departments!$A$2:$B$7,2,FALSE) -> Human Resources | K71: =IF(H71="Active",DATEDIF(E71,TODAY(),"y"),"N/A") -> 8 | L71: =IF(G71="","No Score",VLOOKUP(G71,Lookup_Performance!$A$2:$D$6,3,TRUE)) -> Exceeding | M71: =IF(G71="",0,F71*VLOOKUP(G71,Lookup_Performance!$A$2:$D$6,4,TRUE)) -> 4421.6
A72: EMP083 | B72: William | C72: Garcia | D72: SAL05 | E72: 43163 | F72: 65235 | G72: 97 | H72: Active | I72: =TRIM(B72&" "&C72) -> William Garcia | J72: =VLOOKUP(D72,Lookup_Departments!$A$2:$B$7,2,FALSE) -> Sales | K72: =IF(H72="Active",DATEDIF(E72,TODAY(),"y"),"N/A") -> 8 | L72: =IF(G72="","No Score",VLOOKUP(G72,Lookup_Performance!$A$2:$D$6,3,TRUE)) -> Outstanding | M72: =IF(G72="",0,F72*VLOOKUP(G72,Lookup_Performance!$A$2:$D$6,4,TRUE)) -> 7828.2
A73: EMP029 | B73: John | C73: Gonzalez | D73: SAL05 | E73: 43164 | G73: 72 | H73: Left | I73: =TRIM(B73&" "&C73) -> John Gonzalez | J73: =VLOOKUP(D73,Lookup_Departments!$A$2:$B$7,2,FALSE) -> Sales | K73: =IF(H73="Active",DATEDIF(E73,TODAY(),"y"),"N/A") -> N/A | L73: =IF(G73="","No Score",VLOOKUP(G73,Lookup_Performance!$A$2:$D$6,3,TRUE)) -> Achieving | M73: =IF(G73="",0,F73*VLOOKUP(G73,Lookup_Performance!$A$2:$D$6,4,TRUE)) -> 0
A74: EMP041 | B74: James | C74: Gonzalez | D74: SAL05 | E74: 43165 | G74: 65 | H74: Left | I74: =TRIM(B74&" "&C74) -> James Gonzalez | J74: =VLOOKUP(D74,Lookup_Departments!$A$2:$B$7,2,FALSE) -> Sales | K74: =IF(H74="Active",DATEDIF(E74,TODAY(),"y"),"N/A") -> N/A | L74: =IF(G74="","No Score",VLOOKUP(G74,Lookup_Performance!$A$2:$D$6,3,TRUE)) -> Developing | M74: =IF(G74="",0,F74*VLOOKUP(G74,Lookup_Performance!$A$2:$D$6,4,TRUE)) -> 0
A75: EMP026 | B75: Jane | C75: Gonzalez | D75: SAL05 | E75: 43166 | G75: 67 | H75: Active | I75: =TRIM(B75&" "&C75) -> Jane Gonzalez | J75: =VLOOKUP(D75,Lookup_Departments!$A$2:$B$7,2,FALSE) -> Sales | K75: =IF(H75="Active",DATEDIF(E75,TODAY(),"y"),"N/A") -> 8 | L75: =IF(G75="","No Score",VLOOKUP(G75,Lookup_Performance!$A$2:$D$6,3,TRUE)) -> Developing | M75: =IF(G75="",0,F75*VLOOKUP(G75,Lookup_Performance!$A$2:$D$6,4,TRUE)) -> 0
A76: EMP024 | B76: David | C76: Wilson | D76: OPS06 | E76: 43167 | F76: 48823 | G76: 34 | H76: Active | I76: =TRIM(B76&" "&C76) -> David Wilson | J76: =VLOOKUP(D76,Lookup_Departments!$A$2:$B$7,2,FALSE) -> Operations | K76: =IF(H76="Active",DATEDIF(E76,TODAY(),"y"),"N/A") -> 8 | L76: =IF(G76="","No Score",VLOOKUP(G76,Lookup_Performance!$A$2:$D$6,3,TRUE)) -> Needs Improvement | M76: =IF(G76="",0,F76*VLOOKUP(G76,Lookup_Performance!$A$2:$D$6,4,TRUE)) -> 0
A77: EMP111 | B77: Jane | C77: Gonzalez | D77: FIN03 | E77: 43168 | F77: 45196 | G77: 78 | H77: Left | I77: =TRIM(B77&" "&C77) -> Jane Gonzalez | J77: =VLOOKUP(D77,Lookup_Departments!$A$2:$B$7,2,FALSE) -> Finance | K77: =IF(H77="Active",DATEDIF(E77,TODAY(),"y"),"N/A") -> N/A | L77: =IF(G77="","No Score",VLOOKUP(G77,Lookup_Performance!$A$2:$D$6,3,TRUE)) -> Achieving | M77: =IF(G77="",0,F77*VLOOKUP(G77,Lookup_Performance!$A$2:$D$6,4,TRUE)) -> 2259.8
A78: EMP040 | B78: Jane | C78: Rodriguez | D78: IT02 | E78: 43169 | F78: 86246 | G78: 61 | H78: Active | I78: =TRIM(B78&" "&C78) -> Jane Rodriguez | J78: =VLOOKUP(D78,Lookup_Departments!$A$2:$B$7,2,FALSE) -> Information Technology | K78: =IF(H78="Active",DATEDIF(E78,TODAY(),"y"),"N/A") -> 8 | L78: =IF(G78="","No Score",VLOOKUP(G78,Lookup_Performance!$A$2:$D$6,3,TRUE)) -> Developing | M78: =IF(G78="",0,F78*VLOOKUP(G78,Lookup_Performance!$A$2:$D$6,4,TRUE)) -> 1724.92
A79: EMP086 | B79: Emily | C79: Miller | D79: SAL05 | E79: 43170 | F79: 70359 | G79: 74 | H79: Left | I79: =TRIM(B79&" "&C79) -> Emily Miller | J79: =VLOOKUP(D79,Lookup_Departments!$A$2:$B$7,2,FALSE) -> Sales | K79: =IF(H79="Active",DATEDIF(E79,TODAY(),"y"),"N/A") -> N/A | L79: =IF(G79="","No Score",VLOOKUP(G79,Lookup_Performance!$A$2:$D$6,3,TRUE)) -> Achieving | M79: =IF(G79="",0,F79*VLOOKUP(G79,Lookup_Performance!$A$2:$D$6,4,TRUE)) -> 3517.95
A80: EMP124 | B80: Sarah | C80: Miller | D80: MKT04 | E80: 43171 | G80: 94 | H80: Active | I80: =TRIM(B80&" "&C80) -> Sarah Miller | J80: =VLOOKUP(D80,Lookup_Departments!$A$2:$B$7,2,FALSE) -> Marketing | K80: =IF(H80="Active",DATEDIF(E80,TODAY(),"y"),"N/A") -> 8 | L80: =IF(G80="","No Score",VLOOKUP(G80,Lookup_Performance!$A$2:$D$6,3,TRUE)) -> Exceeding | M80: =IF(G80="",0,F80*VLOOKUP(G80,Lookup_Performance!$A$2:$D$6,4,TRUE)) -> 0
A81: EMP132 | B81: Jessica | C81: Garcia | D81: OPS06 | E81: 43172 | F81: 86480 | H81: Active | I81: =TRIM(B81&" "&C81) -> Jessica Garcia | J81: =VLOOKUP(D81,Lookup_Departments!$A$2:$B$7,2,FALSE) -> Operations | K81: =IF(H81="Active",DATEDIF(E81,TODAY(),"y"),"N/A") -> 8 | L81: =IF(G81="","No Score",VLOOKUP(G81,Lookup_Performance!$A$2:$D$6,3,TRUE)) -> No Score | M81: =IF(G81="",0,F81*VLOOKUP(G81,Lookup_Performance!$A$2:$D$6,4,TRUE)) -> 0
A82: EMP048 | B82: Richard | C82: Smith | D82: HR01 | E82: 43173 | F82: 47694 | G82: 75 | H82: Active | I82: =TRIM(B82&" "&C82) -> Richard Smith | J82: =VLOOKUP(D82,Lookup_Departments!$A$2:$B$7,2,FALSE) -> Human Resources | K82: =IF(H82="Active",DATEDIF(E82,TODAY(),"y"),"N/A") -> 8 | L82: =IF(G82="","No Score",VLOOKUP(G82,Lookup_Performance!$A$2:$D$6,3,TRUE)) -> Achieving | M82: =IF(G82="",0,F82*VLOOKUP(G82,Lookup_Performance!$A$2:$D$6,4,TRUE)) -> 2384.7
A83: EMP114 | B83: Melissa | C83: Wilson | D83: IT02 | E83: 43174 | F83: 83724 | G83: 81 | H83: Resigned | I83: =TRIM(B83&" "&C83) -> Melissa Wilson | J83: =VLOOKUP(D83,Lookup_Departments!$A$2:$B$7,2,FALSE) -> Information Technology | K83: =IF(H83="Active",DATEDIF(E83,TODAY(),"y"),"N/A") -> N/A | L83: =IF(G83="","No Score",VLOOKUP(G83,Lookup_Performance!$A$2:$D$6,3,TRUE)) -> Achieving | M83: =IF(G83="",0,F83*VLOOKUP(G83,Lookup_Performance!$A$2:$D$6,4,TRUE)) -> 4186.2
A84: EMP062 | B84: Thomas | C84: Williams | D84: FIN03 | E84: 43175 | F84: 98299 | G84: 61 | H84: Active | I84: =TRIM(B84&" "&C84) -> Thomas Williams | J84: =VLOOKUP(D84,Lookup_Departments!$A$2:$B$7,2,FALSE) -> Finance | K84: =IF(H84="Active",DATEDIF(E84,TODAY(),"y"),"N/A") -> 8 | L84: =IF(G84="","No Score",VLOOKUP(G84,Lookup_Performance!$A$2:$D$6,3,TRUE)) -> Developing | M84: =IF(G84="",0,F84*VLOOKUP(G84,Lookup_Performance!$A$2:$D$6,4,TRUE)) -> 1965.98
A85: EMP074 | B85: David | C85: Williams | D85: FIN03 | E85: 43176 | G85: 68 | H85: Active | I85: =TRIM(B85&" "&C85) -> David Williams | J85: =VLOOKUP(D85,Lookup_Departments!$A$2:$B$7,2,FALSE) -> Finance | K85: =IF(H85="Active",DATEDIF(E85,TODAY(),"y"),"N/A") -> 8 | L85: =IF(G85="","No Score",VLOOKUP(G85,Lookup_Performance!$A$2:$D$6,3,TRUE)) -> Developing | M85: =IF(G85="",0,F85*VLOOKUP(G85,Lookup_Performance!$A$2:$D$6,4,TRUE)) -> 0
A86: EMP034 | B86: John | C86: Johnson | D86: IT02 | E86: 43177 | F86: 52287 | G86: 70 | H86: Active | I86: =TRIM(B86&" "&C86) -> John Johnson | J86: =VLOOKUP(D86,Lookup_Departments!$A$2:$B$7,2,FALSE) -> Information Technology | K86: =IF(H86="Active",DATEDIF(E86,TODAY(),"y"),"N/A") -> 8 | L86: =IF(G86="","No Score",VLOOKUP(G86,Lookup_Performance!$A$2:$D$6,3,TRUE)) -> Achieving | M86: =IF(G86="",0,F86*VLOOKUP(G86,Lookup_Performance!$A$2:$D$6,4,TRUE)) -> 2614.35
A87: EMP105 | B87: Richard | C87: Gonzalez | D87: IT02 | E87: 43178 | F87: 82633 | G87: 98 | H87: Active | I87: =TRIM(B87&" "&C87) -> Richard Gonzalez | J87: =VLOOKUP(D87,Lookup_Departments!$A$2:$B$7,2,FALSE) -> Information Technology | K87: =IF(H87="Active",DATEDIF(E87,TODAY(),"y"),"N/A") -> 8 | L87: =IF(G87="","No Score",VLOOKUP(G87,Lookup_Performance!$A$2:$D$6,3,TRUE)) -> Outstanding | M87: =IF(G87="",0,F87*VLOOKUP(G87,Lookup_Performance!$A$2:$D$6,4,TRUE)) -> 9915.96
A88: EMP118 | B88: Melissa | C88: Anderson | D88: OPS06 | E88: 43179 | F88: 46508 | G88: 34 | H88: Active | I88: =TRIM(B88&" "&C88) -> Melissa Anderson | J88: =VLOOKUP(D88,Lookup_Departments!$A$2:$B$7,2,FALSE) -> Operations | K88: =IF(H88="Active",DATEDIF(E88,TODAY(),"y"),"N/A") -> 8 | L88: =IF(G88="","No Score",VLOOKUP(G88,Lookup_Performance!$A$2:$D$6,3,TRUE)) -> Needs Improvement | M88: =IF(G88="",0,F88*VLOOKUP(G88,Lookup_Performance!$A$2:$D$6,4,TRUE)) -> 0
A89: EMP063 | B89: Emily | C89: Gonzalez | D89: HR01 | E89: 43180 | F89: 86232 | G89: 93 | H89: Active | I89: =TRIM(B89&" "&C89) -> Emily Gonzalez | J89: =VLOOKUP(D89,Lookup_Departments!$A$2:$B$7,2,FALSE) -> Human Resources | K89: =IF(H89="Active",DATEDIF(E89,TODAY(),"y"),"N/A") -> 8 | L89: =IF(G89="","No Score",VLOOKUP(G89,Lookup_Performance!$A$2:$D$6,3,TRUE)) -> Exceeding | M89: =IF(G89="",0,F89*VLOOKUP(G89,Lookup_Performance!$A$2:$D$6,4,TRUE)) -> 6898.56
A90: EMP094 | B90: Jane | C90: Davis | D90: IT02 | E90: 43181 | F90: 77545 | G90: 48 | H90: Active | I90: =TRIM(B90&" "&C90) -> Jane Davis | J90: =VLOOKUP(D90,Lookup_Departments!$A$2:$B$7,2,FALSE) -> Information Technology | K90: =IF(H90="Active",DATEDIF(E90,TODAY(),"y"),"N/A") -> 8 | L90: =IF(G90="","No Score",VLOOKUP(G90,Lookup_Performance!$A$2:$D$6,3,TRUE)) -> Needs Improvement | M90: =IF(G90="",0,F90*VLOOKUP(G90,Lookup_Performance!$A$2:$D$6,4,TRUE)) -> 0
A91: EMP097 | B91: William | C91: Gonzalez | D91: OPS06 | E91: 43182 | F91: 68683 | G91: 90 | H91: Active | I91: =TRIM(B91&" "&C91) -> William Gonzalez | J91: =VLOOKUP(D91,Lookup_Departments!$A$2:$B$7,2,FALSE) -> Operations | K91: =IF(H91="Active",DATEDIF(E91,TODAY(),"y"),"N/A") -> 8 | L91: =IF(G91="","No Score",VLOOKUP(G91,Lookup_Performance!$A$2:$D$6,3,TRUE)) -> Exceeding | M91: =IF(G91="",0,F91*VLOOKUP(G91,Lookup_Performance!$A$2:$D$6,4,TRUE)) -> 5494.64
A92: EMP054 | B92: Thomas | C92: Jones | D92: FIN03 | E92: 43183 | F92: 83932 | G92: 57 | H92: Left | I92: =TRIM(B92&" "&C92) -> Thomas Jones | J92: =VLOOKUP(D92,Lookup_Departments!$A$2:$B$7,2,FALSE) -> Finance | K92: =IF(H92="Active",DATEDIF(E92,TODAY(),"y"),"N/A") -> N/A | L92: =IF(G92="","No Score",VLOOKUP(G92,Lookup_Performance!$A$2:$D$6,3,TRUE)) -> Developing | M92: =IF(G92="",0,F92*VLOOKUP(G92,Lookup_Performance!$A$2:$D$6,4,TRUE)) -> 1678.64
A93: EMP006 | B93: Jessica | C93: Anderson | D93: HR01 | E93: 43184 | F93: 56073 | G93: 79 | H93: Active | I93: =TRIM(B93&" "&C93) -> Jessica Anderson | J93: =VLOOKUP(D93,Lookup_Departments!$A$2:$B$7,2,FALSE) -> Human Resources | K93: =IF(H93="Active",DATEDIF(E93,TODAY(),"y"),"N/A") -> 8 | L93: =IF(G93="","No Score",VLOOKUP(G93,Lookup_Performance!$A$2:$D$6,3,TRUE)) -> Achieving | M93: =IF(G93="",0,F93*VLOOKUP(G93,Lookup_Performance!$A$2:$D$6,4,TRUE)) -> 2803.65
A94: EMP110 | B94: Melissa | C94: Johnson | D94: IT02 | E94: 43185 | F94: 88056 | G94: 66 | H94: Active | I94: =TRIM(B94&" "&C94) -> Melissa Johnson | J94: =VLOOKUP(D94,Lookup_Departments!$A$2:$B$7,2,FALSE) -> Information Technology | K94: =IF(H94="Active",DATEDIF(E94,TODAY(),"y"),"N/A") -> 8 | L94: =IF(G94="","No Score",VLOOKUP(G94,Lookup_Performance!$A$2:$D$6,3,TRUE)) -> Developing | M94: =IF(G94="",0,F94*VLOOKUP(G94,Lookup_Performance!$A$2:$D$6,4,TRUE)) -> 1761.12
A95: EMP147 | B95: Thomas | C95: Miller | D95: OPS06 | E95: 43186 | F95: 67414 | G95: 84 | H95: Left | I95: =TRIM(B95&" "&C95) -> Thomas Miller | J95: =VLOOKUP(D95,Lookup_Departments!$A$2:$B$7,2,FALSE) -> Operations | K95: =IF(H95="Active",DATEDIF(E95,TODAY(),"y"),"N/A") -> N/A | L95: =IF(G95="","No Score",VLOOKUP(G95,Lookup_Performance!$A$2:$D$6,3,TRUE)) -> Achieving | M95: =IF(G95="",0,F95*VLOOKUP(G95,Lookup_Performance!$A$2:$D$6,4,TRUE)) -> 3370.7
A96: EMP050 | B96: William | C96: Gonzalez | D96: SAL05 | E96: 43187 | F96: 115288 | G96: 61 | H96: Active | I96: =TRIM(B96&" "&C96) -> William Gonzalez | J96: =VLOOKUP(D96,Lookup_Departments!$A$2:$B$7,2,FALSE) -> Sales | K96: =IF(H96="Active",DATEDIF(E96,TODAY(),"y"),"N/A") -> 8 | L96: =IF(G96="","No Score",VLOOKUP(G96,Lookup_Performance!$A$2:$D$6,3,TRUE)) -> Developing | M96: =IF(G96="",0,F96*VLOOKUP(G96,Lookup_Performance!$A$2:$D$6,4,TRUE)) -> 2305.76
A97: EMP036 | C97: Smith | D97: SAL05 | E97: 43188 | F97: 80140 | G97: 58 | H97: Active | I97: =TRIM(B97&" "&C97) -> Smith | J97: =VLOOKUP(D97,Lookup_Departments!$A$2:$B$7,2,FALSE) -> Sales | K97: =IF(H97="Active",DATEDIF(E97,TODAY(),"y"),"N/A") -> 8 | L97: =IF(G97="","No Score",VLOOKUP(G97,Lookup_Performance!$A$2:$D$6,3,TRUE)) -> Developing | M97: =IF(G97="",0,F97*VLOOKUP(G97,Lookup_Performance!$A$2:$D$6,4,TRUE)) -> 1602.8
A98: EMP081 | B98: John | C98: Johnson | D98: IT02 | E98: 43189 | F98: 73087 | G98: 69 | H98: Active | I98: =TRIM(B98&" "&C98) -> John Johnson | J98: =VLOOKUP(D98,Lookup_Departments!$A$2:$B$7,2,FALSE) -> Information Technology | K98: =IF(H98="Active",DATEDIF(E98,TODAY(),"y"),"N/A") -> 8 | L98: =IF(G98="","No Score",VLOOKUP(G98,Lookup_Performance!$A$2:$D$6,3,TRUE)) -> Developing | M98: =IF(G98="",0,F98*VLOOKUP(G98,Lookup_Performance!$A$2:$D$6,4,TRUE)) -> 1461.74
A99: EMP078 | B99: Jane | C99: Johnson | D99: SAL05 | E99: 43190 | F99: 95292 | G99: 34 | H99: Active | I99: =TRIM(B99&" "&C99) -> Jane Johnson | J99: =VLOOKUP(D99,Lookup_Departments!$A$2:$B$7,2,FALSE) -> Sales | K99: =IF(H99="Active",DATEDIF(E99,TODAY(),"y"),"N/A") -> 8 | L99: =IF(G99="","No Score",VLOOKUP(G99,Lookup_Performance!$A$2:$D$6,3,TRUE)) -> Needs Improvement | M99: =IF(G99="",0,F99*VLOOKUP(G99,Lookup_Performance!$A$2:$D$6,4,TRUE)) -> 0
A100: EMP035 | B100: John | C100: Jones | D100: IT02 | E100: 43191 | G100: 33 | H100: Active | I100: =TRIM(B100&" "&C100) -> John Jones | J100: =VLOOKUP(D100,Lookup_Departments!$A$2:$B$7,2,FALSE) -> Information Technology | K100: =IF(H100="Active",DATEDIF(E100,TODAY(),"y"),"N/A") -> 8 | L100: =IF(G100="","No Score",VLOOKUP(G100,Lookup_Performance!$A$2:$D$6,3,TRUE)) -> Needs Improvement | M100: =IF(G100="",0,F100*VLOOKUP(G100,Lookup_Performance!$A$2:$D$6,4,TRUE)) -> 0
...

Sheet Lookup_Departments
A1: Dept_Code | B1: Department_Name
A2: HR01 | B2: Human Resources
A3: IT02 | B3: Information Technology
A4: FIN03 | B4: Finance
A5: MKT04 | B5: Marketing
A6: SAL05 | B6: Sales
A7: OPS06 | B7: Operations

Sheet Lookup_Performance
A1: Min_Score | B1: Max_Score | C1: Performance_Band | D1: Bonus_Percentage
A2: 0 | B2: 49 | C2: Needs Improvement | D2: 0
A3: 50 | B3: 69 | C3: Developing | D3: 0.02
A4: 70 | B4: 84 | C4: Achieving | D4: 0.05
A5: 85 | B5: 94 | C5: Exceeding | D5: 0.08
A6: 95 | B6: 100 | C6: Outstanding | D6: 0.12

Sheet Analysis
B2: Headcount & Salary | F2: Attrition Rate | O2: Bonus Payout
A3: Department | B3: Count of Emp ID | C3: Average Salary | E3: Department | O3: Performance Band | P3: Sum of Eligible Bonus Amount
A4: Finance | B4: 17 | C4: 87938.5 | F4: Active | G4: Left | H4: Resigned | O4: Achieving | P4: 144315.95
A5: Human Resources | B5: 18 | C5: 85649.941 | E5: Finance | F5: 0.12068966 | G5: 0.125 | H5: 0 | O5: Exceeding | P5: 122683.12
A6: Information Technology | B6: 36 | C6: 80014.258 | E6: Human Resources | F6: 0.12931034 | G6: 0.083333333 | H6: 0.1 | O6: Outstanding | P6: 82379.04
A7: Marketing | B7: 19 | C7: 84192.706 | E7: Information Technology | F7: 0.24137931 | G7: 0.25 | H7: 0.2 | O7: Developing | P7: 58138.3
A8: Operations | B8: 29 | C8: 79786.667 | E8: Marketing | F8: 0.13793103 | G8: 0.125 | H8: 0 | O8: No Score | P8: 0
A9: Sales | B9: 31 | C9: 87282.348 | E9: Operations | F9: 0.15517241 | G9: 0.25 | H9: 0.5 | O9: Needs Improvement | P9: 0
E10: Sales | F10: 0.21551724 | G10: 0.16666667 | H10: 0.2
A14: Performance By Status | E14: Bonus Payout
A15: Employee Status | B15: Average of Perf_Score | E15: Performance Band | F15: Sum of Eligible Bonus Amount
A16: Active | B16: 67.724771 | E16: Achieving | F16: 144315.95
A17: Left | B17: 66.130435 | E17: Exceeding | F17: 122683.12
A18: Resigned | B18: 76.4 | E18: Outstanding | F18: 82379.04
E19: Developing | F19: 58138.3
E20: No Score | F20: 0
E21: Needs Improvement | F21: 0

Sheet KPIs
A2: Total Employee | C2: Average Salary | E2: Row Labels | F2: No of Employees | G2: Attrition rate
A3: 150 | C3: 83415.814 | E3: Active | F3: 116 | G3: 0.77333333
E4: Left | F4: 24 | G4: 0.16
E5: Resigned | F5: 10 | G5: 0.066666667

Sheet HR Dashboard
